Problem,N_Cities,Found_Tour,Found_Cost,Optimal_Cost,Error_Pct,Time_Taken_s,CPU_Time_s,Memory_Usage_MB
gr202,202,62 65 84 49 98 94 95 96 92 91 93 87 97 100 99 111 112 113 114 115 116 101 155 156 90 89 88 86 85 82 83 66 67 73 75 74 77 76 78 79 80 81 161 165 160 159 157 158 162 167 166 169 134 170 168 163 164 171 172 174 175 176 173 177 179 180 178 181 182 194 195 201 200 199 193 197 198 196 191 190 192 188 187 185 184 140 183 135 133 132 124 121 120 104 108 107 109 110 106 105 40 102 103 118 119 123 122 38 130 125 131 139 144 143 142 141 136 137 138 129 128 127 126 26 20 19 25 32 31 30 29 50 51 54 53 70 57 60 61 58 59 56 55 46 47 48 45 44 41 43 42 52 33 35 34 39 117 37 36 27 28 21 22 23 24 146 148 147 149 186 189 150 151 152 154 153 145 17 16 10 18 11 14 13 15 2 12 9 8 6 5 7 3 4 1 0 68 69 72 71 63 64 62,46486,40160,15.751992031872511,0.14299490900157252,0.1399999999999999,97.55078125
ch150,150,75 33 86 0 97 102 81 94 106 4 99 142 17 141 84 131 136 69 107 101 113 98 18 1 36 5 27 8 41 119 46 138 39 52 117 23 11 66 42 108 50 133 137 45 53 91 32 125 145 55 89 82 140 24 19 109 80 28 85 134 49 57 54 64 74 25 96 123 88 7 83 6 29 95 34 92 51 104 110 15 58 77 14 132 76 130 31 37 22 121 13 79 71 48 146 143 128 115 100 40 56 38 126 68 35 60 10 147 129 16 65 59 139 116 26 30 122 73 144 63 111 135 12 105 90 118 67 127 70 43 114 149 44 3 103 21 148 124 20 87 78 120 93 9 112 61 2 62 47 72 75,6896,6528,5.637254901960785,0.13493797100090887,0.1299999999999999,97.92578125
kroA100,100,74 62 5 48 89 9 83 78 52 18 3 64 25 65 69 21 15 87 93 17 23 37 98 35 71 20 73 58 16 14 10 31 46 90 44 97 22 76 59 61 34 85 26 11 19 56 86 8 6 54 82 33 28 45 42 2 13 70 40 99 47 51 77 95 29 38 4 36 32 75 12 94 81 84 67 72 49 43 1 53 39 63 68 80 24 50 60 57 66 27 92 0 91 7 41 88 30 79 55 96 74,7600,21282,-64.28907057607368,0.13726631800091127,0.14000000000000012,97.92578125
ch130,130,79 19 92 32 20 125 120 77 65 84 124 89 58 29 82 27 114 116 111 61 104 127 38 40 0 15 44 4 10 75 108 60 128 123 63 68 85 87 25 6 96 69 106 126 103 42 62 67 47 24 97 109 88 18 26 33 16 30 99 14 28 23 115 94 78 37 86 11 80 102 76 93 112 31 35 83 118 110 122 100 81 56 8 55 64 51 74 73 98 72 91 90 71 48 57 105 52 119 50 59 5 101 9 13 66 12 95 121 54 22 21 36 46 39 43 41 3 34 53 117 1 49 129 70 2 113 107 7 17 45 79,5241,6110,-14.222585924713584,0.13391099399814266,0.13000000000000034,97.92578125
